Store,Item Name,Price,Units,Unit Price,Amount,Tags,In Stock,Image
CVS,"Chester's Corn Snacks, Flamin' Hot Flavored, Fries",$2.69,,,5.25 oz,[],,"https://www.instacart.com/image-server/197x197/filters:fill(FFF,true):format(jpg)/d2lnr5mha7bycj.cloudfront.net/product-image/file/large_123f540a-a44b-44d8-aa93-74279fe579a0.png,"
CVS,"Kellogg's Rice Krispies Treats Crispy Marshmallow Squares, Kids Snacks, Snack Bars, Original",$4.69,,,8 ct,[],,"https://www.instacart.com/image-server/197x197/filters:fill(FFF,true):format(jpg)/d2lnr5mha7bycj.cloudfront.net/product-image/file/large_ba8974d9-5b14-49b5-80e8-1dc243babc44.jpg,"
CVS,Ritz Fresh Stacks Original Crackers,$5.29,,,8 x 1.48 oz,[],,"https://www.instacart.com/image-server/197x197/filters:fill(FFF,true):format(jpg)/d2lnr5mha7bycj.cloudfront.net/product-image/file/large_2f87bf55-29b3-44fc-a625-f37c626ab5b2.jpg,"
CVS,Lorna Doone Shortbread Cookies,$6.49,,,10 x 1 oz,[],,"https://www.instacart.com/image-server/197x197/filters:fill(FFF,true):format(jpg)/d2lnr5mha7bycj.cloudfront.net/product-image/file/large_7f32301b-630a-41fd-864f-6f769b394f9b.jpg,"
CVS,"Welch's Fruit Snacks, Mixed Fruit",$4.99,,,10 x 0.9 oz,[],,"https://www.instacart.com/image-server/197x197/filters:fill(FFF,true):format(jpg)/d2lnr5mha7bycj.cloudfront.net/product-image/file/large_d3837959-96ba-4dea-8187-da97a7bd3838.png,"
CVS,"NERDS Candy, Gummy Clusters, Rainbow",$1.99,,,3 oz,[],,"https://www.instacart.com/image-server/197x197/filters:fill(FFF,true):format(jpg)/d2lnr5mha7bycj.cloudfront.net/product-image/file/large_9e2972c6-d44c-479d-9f29-8d998a1b77d4.jpg,"
CVS,Reese's Milk Chocolate Snack Size Peanut Butter Cups Candy,$6.29,,,10.5 oz,[],,"https://www.instacart.com/image-server/197x197/filters:fill(FFF,true):format(jpg)/d2lnr5mha7bycj.cloudfront.net/product-image/file/large_69192543-57bf-4a54-972f-fe80a96a79ef.jpg,"
CVS,Lotus Biscoff Cookies,$4.59,,,8.8 oz,['Vegan'],,"https://www.instacart.com/image-server/197x197/filters:fill(FFF,true):format(jpg)/d2lnr5mha7bycj.cloudfront.net/product-image/file/large_a89fe455-7d00-450b-9c06-6227e807ed93.jpg,"
CVS,Angie's BOOMCHICKAPOP Sweet & Salty Kettle Corn Popcorn,$4.99,,,7 oz,"['Low Fat', 'Vegan']",,"https://www.instacart.com/image-server/197x197/filters:fill(FFF,true):format(jpg)/d2lnr5mha7bycj.cloudfront.net/product-image/file/large_a68e2cff-ade6-4467-9851-ecbf8d7fb941.jpg,"
CVS,"General Mills Multiple Brands Fruit Roll-Ups, Fruit by the Foot, Gushers, Snacks Variety Pack",$9.99,,,10.2 oz,[],,"https://www.instacart.com/image-server/197x197/filters:fill(FFF,true):format(jpg)/d2lnr5mha7bycj.cloudfront.net/product-image/file/large_4853b562-e5e0-45e8-b572-88911167acde.png,"
CVS,"Oreo Chocolate Sandwich Cookies, Family Size",$6.79,,,18 oz,[],,"https://www.instacart.com/image-server/197x197/filters:fill(FFF,true):format(jpg)/d2lnr5mha7bycj.cloudfront.net/product-image/file/large_93fedb0f-b831-4ca5-acf6-7088ee5e8184.jpg,"
CVS,"Kinder Chocolate Mini, Milk Chocolate Bar With Creamy Milky Filling, Individually Wrapped Candy",$6.99,,,7.2 oz,[],,"https://www.instacart.com/image-server/197x197/filters:fill(FFF,true):format(jpg)/d2lnr5mha7bycj.cloudfront.net/product-image/file/large_252dcfd6-df4b-4a34-af9b-55478c986ed6.png,"
CVS,TWIX Full Size Caramel Chocolate Cookie Candy Bar,$1.79,,,1.79 oz,[],,"https://www.instacart.com/image-server/197x197/filters:fill(FFF,true):format(jpg)/d2lnr5mha7bycj.cloudfront.net/product-image/file/large_39bd7037-1d21-4f1a-b681-8c873f974b69.jpg,"
CVS,Extra Gum Spearmint Sugar Free Chewing Gum Single Pack Stick,$1.89,,,15 ct,['Zero Sugar'],,"https://www.instacart.com/image-server/197x197/filters:fill(FFF,true):format(jpg)/d2lnr5mha7bycj.cloudfront.net/product-image/file/large_382803e7-2ac8-49f4-ba64-1c5da00dd75b.jpg,"
CVS,"Chester's Fries Corn & Potato Snacks, Flamin' Hot Flavored",$2.69,,,3.63 oz,[],,"https://www.instacart.com/image-server/197x197/filters:fill(FFF,true):format(jpg)/d2lnr5mha7bycj.cloudfront.net/product-image/file/large_27b9c8fb-297a-47d9-84a1-ba2b7656a42c.png,"
CVS,"Kinder Chocolate Mini, Milk Chocolate Bar With Creamy Milky Filling, Individually Wrapped Candy",$11.79,,,12.7 oz,[],,"https://www.instacart.com/image-server/197x197/filters:fill(FFF,true):format(jpg)/d2lnr5mha7bycj.cloudfront.net/product-image/file/large_45823da1-5755-4b80-a67b-41bd39b613a4.png,"
CVS,Nabisco Premium Original Topped with Sea Salt Saltine Crackers,$3.19,,,4 oz,[],,"https://www.instacart.com/image-server/197x197/filters:fill(FFF,true):format(jpg)/d2lnr5mha7bycj.cloudfront.net/product-image/file/large_006174f7-3593-4d0c-9f7f-021711f256e8.jpg,"
CVS,"Doritos Flavored Tortilla Chips, Nacho Cheese",$2.69,,,2.75 oz,[],,"https://www.instacart.com/image-server/197x197/filters:fill(FFF,true):format(jpg)/d2lnr5mha7bycj.cloudfront.net/product-image/file/large_aba8c529-ed32-42e5-9f5f-f1256d7b128e.png,"
CVS,Pepperidge Farm Soft Baked Milk Chocolate Chunk Cookies,$5.09,,,8.6 oz,[],,"https://www.instacart.com/image-server/197x197/filters:fill(FFF,true):format(jpg)/d2lnr5mha7bycj.cloudfront.net/product-image/file/large_915960e7-d81d-4bfd-b53e-37a385c14a58.jpg,"
CVS,"Mentos Candy, Mint, Chewy",$5.29,,,7.92 oz,[],,"https://www.instacart.com/image-server/197x197/filters:fill(FFF,true):format(jpg)/d2lnr5mha7bycj.cloudfront.net/product-image/file/large_db913642-9495-4239-b5f5-c0547843259d.jpg,"
CVS,"Cheez-It Cheese Crackers, Baked Snack Crackers, Lunch Snacks, Original",$8.99,,,21 oz,['Light Sodium'],,"https://www.instacart.com/image-server/197x197/filters:fill(FFF,true):format(jpg)/d2lnr5mha7bycj.cloudfront.net/product-image/file/large_77203ce0-09ec-4620-83ed-3018a05cadc1.jpg,"
CVS,Oreo Cakesters Soft Snack Cakes,$5.99,,,5 x 10 oz,[],,"https://www.instacart.com/image-server/197x197/filters:fill(FFF,true):format(jpg)/d2lnr5mha7bycj.cloudfront.net/product-image/file/large_5df8cfed-be43-4c8d-ac69-5f26bedb55d3.jpg,"
CVS,"Cheetos Crunchy Cheese Flavored Snacks, Flamin' Hot Flavored",$2.69,,,3.25 oz,[],,"https://www.instacart.com/image-server/197x197/filters:fill(FFF,true):format(jpg)/d2lnr5mha7bycj.cloudfront.net/product-image/file/large_b359f806-27ca-444d-9a16-6225b0114d23.png,"
CVS,Ritter Sport Dark Chocolate with Whole Hazelnuts,$4.19,,,3.5 oz,[],,"https://www.instacart.com/image-server/197x197/filters:fill(FFF,true):format(jpg)/d2lnr5mha7bycj.cloudfront.net/product-image/file/large_de0c0ab9-68b9-4655-91d5-c1f50e260613.jpg,"
CVS,Fiber One Chocolate Fudge 70 Calorie Brownies Low Net Carb Low Sugar Healthy Snack Bars,$5.49,,,5.34 oz,[],,"https://www.instacart.com/image-server/197x197/filters:fill(FFF,true):format(jpg)/d2lnr5mha7bycj.cloudfront.net/product-image/file/large_430c7d5c-1117-4425-bb2d-8112e4c038d2.png,"
CVS,Chips Ahoy! Original Chocolate Chip Cookies,$5.19,,,13 oz,[],,"https://www.instacart.com/image-server/197x197/filters:fill(FFF,true):format(jpg)/d2lnr5mha7bycj.cloudfront.net/product-image/file/large_631db859-1b2b-479a-add0-60cbf98954fa.jpg,"
CVS,SNICKERS Full Size Chocolate Candy Bar Bar,$1.79,,,1.86 oz,[],,"https://www.instacart.com/image-server/197x197/filters:fill(FFF,true):format(jpg)/d2lnr5mha7bycj.cloudfront.net/product-image/file/large_ba5aae3b-34e4-419c-87a6-0c94dccd380b.jpg,"
CVS,Lorna Doone Shortbread Cookies,$3.19,,,4.5 oz,[],,"https://www.instacart.com/image-server/197x197/filters:fill(FFF,true):format(jpg)/d2lnr5mha7bycj.cloudfront.net/product-image/file/large_a0df807a-a152-4d11-9b40-5ddb1731dcf5.jpg,"
CVS,Pepperidge Farm Goldfish Flavor Blasted Xtra Cheddar Cheese Crackers,$3.69,,,6.6 oz,[],,"https://www.instacart.com/image-server/197x197/filters:fill(FFF,true):format(jpg)/d2lnr5mha7bycj.cloudfront.net/product-image/file/large_14966af1-378f-4a10-8f1d-491ba928e117.jpg,"
CVS,SkinnyPop Original Popcorn,$5.29,,,4.4 oz,['Vegan'],,"https://www.instacart.com/image-server/197x197/filters:fill(FFF,true):format(jpg)/d2lnr5mha7bycj.cloudfront.net/product-image/file/large_52ffbd30-e230-42c7-8d34-7f10933f9245.png,"
CVS,Chips Ahoy! Chewy Chocolate Chip Cookies,$5.49,,,13 oz,[],,"https://www.instacart.com/image-server/197x197/filters:fill(FFF,true):format(jpg)/d2lnr5mha7bycj.cloudfront.net/product-image/file/large_0f658397-dacf-4155-b7cd-328432428ca7.jpg,"
CVS,Lindt Classic Recipe Milk Chocolate Candy Bar,$4.49,,,4.4 oz,[],,"https://www.instacart.com/image-server/197x197/filters:fill(FFF,true):format(jpg)/d2lnr5mha7bycj.cloudfront.net/product-image/file/large_6905021c-1e44-46f5-93ed-fb71683e697f.jpg,"
CVS,"Kinder Milk Chocolate and Hazelnut Cream, Individually Wrapped Chocolate Bars",$1.99,,,1.5 oz,[],,"https://www.instacart.com/image-server/197x197/filters:fill(FFF,true):format(jpg)/d2lnr5mha7bycj.cloudfront.net/product-image/file/large_cb808f61-f04a-4070-8c53-5df2f0c7a671.jpg,"
CVS,"Funyuns Onion Flavored Rings, Flamin' Hot Flavored",$2.69,,,2.13 oz,[],,"https://www.instacart.com/image-server/197x197/filters:fill(FFF,true):format(jpg)/d2lnr5mha7bycj.cloudfront.net/product-image/file/large_314501c8-f913-4b5d-b105-c0bcace881d0.png,"
CVS,M&M's Peanuts & Milk Chocolate Candies,$1.79,,,1.7 oz,[],,"https://www.instacart.com/image-server/197x197/filters:fill(FFF,true):format(jpg)/d2lnr5mha7bycj.cloudfront.net/product-image/file/large_a7a1cf9d-1cb2-44c0-a542-507b166d0b13.jpg,"
CVS,Popcornopolis Nearly Naked Jalapeno Lime Popcorn Bag,$4.39,,,4.5 oz,[],,"https://www.instacart.com/image-server/197x197/filters:fill(FFF,true):format(jpg)/d2lnr5mha7bycj.cloudfront.net/product-image/file/large_e6f4d147-d2a0-468c-8c57-b64f7666b351.png,"
CVS,Sour Patch Kids Watermelon Soft & Chewy Candy,$3.99,,,8 oz,['Fat-Free'],,"https://www.instacart.com/image-server/197x197/filters:fill(FFF,true):format(jpg)/d2lnr5mha7bycj.cloudfront.net/product-image/file/large_8bf706ca-64c5-4505-b464-626f5d0091a4.jpg,"
CVS,"Tic Tac Fresh Breath Mints, Wintergreen, Bulk Hard Candy Mints",$1.99,,,1 oz,[],,"https://www.instacart.com/image-server/197x197/filters:fill(FFF,true):format(jpg)/d2lnr5mha7bycj.cloudfront.net/product-image/file/large_21104c75-d0b2-4462-b20e-30704a36c539.jpg,"
CVS,Snack Factory Original Pretzel Crisps,$4.19,,,7.2 oz,[],,"https://www.instacart.com/image-server/197x197/filters:fill(FFF,true):format(jpg)/d2lnr5mha7bycj.cloudfront.net/product-image/file/large_997453b7-4d5d-4fe8-9ed4-098c0e1d0a35.jpg,"
CVS,Werther's Original Chewy Sugar Free Caramel Candy,$3.49,,,2.75 oz,['Zero Sugar'],,"https://www.instacart.com/image-server/197x197/filters:fill(FFF,true):format(jpg)/d2lnr5mha7bycj.cloudfront.net/product-image/file/large_6d950ced-bda4-4cd9-b92d-c0121c966a8a.jpg,"
CVS,Nature Valley Peanut Butter Biscuit Sandwiches,$5.49,,,6.75 oz,[],,"https://www.instacart.com/image-server/197x197/filters:fill(FFF,true):format(jpg)/d2lnr5mha7bycj.cloudfront.net/product-image/file/large_b6311bfe-3fbf-4ee2-a288-a33ee9082ea9.png,"
CVS,"Tic Tac Fresh Breath Mints, Freshmint, Bulk Hard Candy Mints",$1.99,,,1 oz,[],,"https://www.instacart.com/image-server/197x197/filters:fill(FFF,true):format(jpg)/d2lnr5mha7bycj.cloudfront.net/product-image/file/large_e27d72d4-ddd6-4b14-a5d1-bcd6132d9137.jpg,"
CVS,"Tic Tac Fresh Breath Mints, Orange, Bulk Hard Candy Mints",$1.99,,,1 oz,[],,"https://www.instacart.com/image-server/197x197/filters:fill(FFF,true):format(jpg)/d2lnr5mha7bycj.cloudfront.net/product-image/file/large_b68fd441-4cc7-4442-9f78-49b8934e84df.jpg,"
CVS,Tony's Chocolonely Milk Caramel Sea Salt,$6.49,,,6.35 oz,[],,"https://www.instacart.com/image-server/197x197/filters:fill(FFF,true):format(jpg)/d2lnr5mha7bycj.cloudfront.net/product-image/file/large_add1f66c-e154-4890-98c9-a618b6066179.png,"
CVS,"Fritos Flavor Twists Corn Snacks, Honey BBQ Flavored",$2.69,,,3.5 oz,[],,"https://www.instacart.com/image-server/197x197/filters:fill(FFF,true):format(jpg)/d2lnr5mha7bycj.cloudfront.net/product-image/file/large_309318fd-6d57-42dc-99e6-ecf040ed3dfb.png,"
CVS,"Ruffles Potato Chips, Cheddar & Sour Cream Flavored",$5.99,,,8 oz,[],,"https://www.instacart.com/image-server/197x197/filters:fill(FFF,true):format(jpg)/d2lnr5mha7bycj.cloudfront.net/product-image/file/large_2be6dcfc-cfac-44ad-a14d-05e934a267bd.png,"
CVS,Kettle Chips Sea Salt & Vinegar Kettle Potato Chips,$4.39,,,8.5 oz,['Vegan'],,"https://www.instacart.com/image-server/197x197/filters:fill(FFF,true):format(jpg)/d2lnr5mha7bycj.cloudfront.net/product-image/file/large_da904f73-c532-4764-b94b-9c4504f17682.jpg,"
CVS,KIND Dark Chocolate Chunk,$7.29,,,5 ct,[],,"https://www.instacart.com/image-server/197x197/filters:fill(FFF,true):format(jpg)/d2lnr5mha7bycj.cloudfront.net/product-image/file/large_878d4e1c-cd6c-4cc0-be52-b8a79d25f86c.png,"
CVS,"Tic Tac Fresh Breath Mints, Fruit Adventure, Bulk Hard Candy Mints",$1.99,,,1 oz,[],,"https://www.instacart.com/image-server/197x197/filters:fill(FFF,true):format(jpg)/d2lnr5mha7bycj.cloudfront.net/product-image/file/large_ed1c6747-57bb-4994-bdc5-c166af47fd47.jpg,"
CVS,Pepperidge Farm Vanilla Cupcake Grahams,$3.69,,,6.6 oz,['Whole Grain'],,"https://www.instacart.com/image-server/197x197/filters:fill(FFF,true):format(jpg)/d2lnr5mha7bycj.cloudfront.net/product-image/file/large_aa5a42ce-910f-4a11-8980-f44b7a2fa5c1.jpg,"
CVS,"Fiber One Soft-Baked Bars, Cinnamon Coffee Cake",$5.49,,,6 x 0.89 oz,[],,"https://www.instacart.com/image-server/197x197/filters:fill(FFF,true):format(jpg)/d2lnr5mha7bycj.cloudfront.net/product-image/file/large_1cf870a7-e756-4157-9c14-6537c104cffb.png,"
CVS,Albanese 12 Flavor Gummi Bears,$4.59,,,9 oz,"['Gluten-Free', 'Fat-Free']",,"https://www.instacart.com/image-server/197x197/filters:fill(FFF,true):format(jpg)/d2lnr5mha7bycj.cloudfront.net/product-image/file/large_8128cde3-33b4-4909-9698-c236b9762c37.jpg,"
CVS,Nature Valley Almond Sweet and Salty Nut Granola Bars,$5.19,,,7.2 oz,[],,"https://www.instacart.com/image-server/197x197/filters:fill(FFF,true):format(jpg)/d2lnr5mha7bycj.cloudfront.net/product-image/file/large_f7baa9e8-77e6-444f-b3ad-d82882d288a7.png,"
CVS,"Pringles Potato Crisps Chips, Lunch Snacks, On-the-Go Snacks, Cheddar Cheese",$3.39,,,5.5 oz,[],,"https://www.instacart.com/image-server/197x197/filters:fill(FFF,true):format(jpg)/d2lnr5mha7bycj.cloudfront.net/product-image/file/large_ae764aa6-3fe5-4594-858f-d1a0831a3fd6.jpg,"
CVS,"Triscuit Original Whole Grain Wheat Crackers, Vegan Crackers",$5.59,,,8.5 oz,"['Whole Grain', 'Vegan']",,"https://www.instacart.com/image-server/197x197/filters:fill(FFF,true):format(jpg)/d2lnr5mha7bycj.cloudfront.net/product-image/file/large_4e1e0a9c-8953-4333-920a-75946afe9321.jpg,"
CVS,"Pringles Potato Crisps Chips, Lunch Snacks, On-The-Go Snacks, Salt and Vinegar",$3.39,,,5.5 oz,[],,"https://www.instacart.com/image-server/197x197/filters:fill(FFF,true):format(jpg)/d2lnr5mha7bycj.cloudfront.net/product-image/file/large_ad13c494-4b8a-4216-816d-bf03a8f1a9d8.jpg,"
CVS,"Kinder Chocolate Milk Chocolate Bar With Creamy Milky Filling, Individually Wrapped Candy",$1.99,,,1.8 oz,[],,"https://www.instacart.com/image-server/197x197/filters:fill(FFF,true):format(jpg)/d2lnr5mha7bycj.cloudfront.net/product-image/file/large_5e365ac8-2cfe-4845-9256-17e53c011c01.png,"
CVS,"Pringles Potato Crisps Chips, Lunch Snacks, On-The-Go Snacks, BBQ",$3.39,,,5.5 oz,[],,"https://www.instacart.com/image-server/197x197/filters:fill(FFF,true):format(jpg)/d2lnr5mha7bycj.cloudfront.net/product-image/file/large_35573d1b-a103-419c-99ba-885f2968185e.jpg,"
CVS,"KIND Granola Bars, Milk Chocolate Chunk, Drizzled",$7.29,,,5 x 1.16 oz,[],,"https://www.instacart.com/image-server/197x197/filters:fill(FFF,true):format(jpg)/d2lnr5mha7bycj.cloudfront.net/product-image/file/large_a6daeac5-ca60-4016-acf2-b6b54d1e57e2.png,"
CVS,"Pringles Potato Crisps Chips, Lunch Snacks, On-The-Go Snacks, Original",$3.39,,,5.2 oz,[],,"https://www.instacart.com/image-server/197x197/filters:fill(FFF,true):format(jpg)/d2lnr5mha7bycj.cloudfront.net/product-image/file/large_69403ebc-c93f-4b60-9489-21d8b945a911.jpg,"
CVS,"SmartSweets Sourmelon Bites, sour candy",$4.39,,,1.8 oz,[],,"https://www.instacart.com/image-server/197x197/filters:fill(FFF,true):format(jpg)/d2lnr5mha7bycj.cloudfront.net/product-image/file/large_faf6b242-f0ee-4630-a220-8c2d6eb1ae16.jpg,"
CVS,"Lay's Potato Chips, Flamin' Hot Flavored",$4.99,,,7.7 oz,[],,"https://www.instacart.com/image-server/197x197/filters:fill(FFF,true):format(jpg)/d2lnr5mha7bycj.cloudfront.net/product-image/file/large_39693d0b-c627-4000-b6f8-90fa055798b2.png,"
CVS,KIND Oats & Honey with Coconut,$7.29,,,5 x 1.2 oz,[],,"https://www.instacart.com/image-server/197x197/filters:fill(FFF,true):format(jpg)/d2lnr5mha7bycj.cloudfront.net/product-image/file/large_fc9101b4-8fab-4dbf-b033-45dffd7cc62b.png,"
CVS,"Cheez-It Cheese Crackers, Baked Snack Crackers, Lunch Snacks, White Cheddar",$8.99,,,21 oz,['Light Sodium'],,"https://www.instacart.com/image-server/197x197/filters:fill(FFF,true):format(jpg)/d2lnr5mha7bycj.cloudfront.net/product-image/file/large_e91db5d9-609b-41a6-86db-1a9dfbddfef8.jpg,"
CVS,Takis Fuego Rolled Tortilla Chips Bag,$5.49,,,9.9 oz,[],,"https://www.instacart.com/image-server/197x197/filters:fill(FFF,true):format(jpg)/d2lnr5mha7bycj.cloudfront.net/product-image/file/large_ea488cca-8f0b-4f0e-88c6-c40e02d3c123.jpg,"
CVS,"AirHeads Candy, Assorted Flavors, Mini Bars",$5.49,,,12 oz,[],,"https://www.instacart.com/image-server/197x197/filters:fill(FFF,true):format(jpg)/d2lnr5mha7bycj.cloudfront.net/product-image/file/large_dea55e7f-1610-428b-acbd-dbabb49cd7d7.jpg,"
CVS,Jack Link's Teriyaki Kippered Beef Steak Bites,$3.99,,,1.75 oz,[],,"https://www.instacart.com/image-server/197x197/filters:fill(FFF,true):format(jpg)/d2lnr5mha7bycj.cloudfront.net/product-image/file/large_bca2e3b6-299d-4bd8-9d02-496be17e8808.jpeg,"
CVS,Werther's Original Hard Sugar Free Caramel Candy,$3.49,,,2.75 oz,['Zero Sugar'],,"https://www.instacart.com/image-server/197x197/filters:fill(FFF,true):format(jpg)/d2lnr5mha7bycj.cloudfront.net/product-image/file/large_a43c4d3a-1e76-43a0-a13e-779af768bee2.jpg,"
CVS,Haagen-Dazs Vanilla Milk Chocolate Almond Ice Cream Bars,$5.79,,,3 ct,[],,"https://www.instacart.com/image-server/197x197/filters:fill(FFF,true):format(jpg)/d2lnr5mha7bycj.cloudfront.net/product-image/file/large_1719acaa-3876-41cc-9253-3d2c09d2bd13.jpg,"
CVS,Oreo Frozen Dairy Dessert Sandwiches,$6.49,,,4 each,[],,"https://www.instacart.com/image-server/197x197/filters:fill(FFF,true):format(jpg)/d2lnr5mha7bycj.cloudfront.net/product-image/file/large_ba4c50a4-7324-4860-80a8-6bd52829389f.jpg,"
CVS,Nestle Vanilla Ice Cream Sandwiches,$6.59,,,6 ct,[],,"https://www.instacart.com/image-server/197x197/filters:fill(FFF,true):format(jpg)/d2lnr5mha7bycj.cloudfront.net/product-image/file/large_1e8f7d1f-6d1f-4b95-b7d5-11957b91c828.jpg,"
CVS,Haagen-Dazs Vanilla Milk Chocolate Almond Ice Cream Bars,$9.29,,,6 ct,[],,"https://www.instacart.com/image-server/197x197/filters:fill(FFF,true):format(jpg)/d2lnr5mha7bycj.cloudfront.net/product-image/file/large_60a44d87-c31a-4c28-bb89-18351a7762fa.jpg,"
CVS,SNICKERS Ice Cream Bars,$6.59,,,5 x 2 fl oz,[],,"https://www.instacart.com/image-server/197x197/filters:fill(FFF,true):format(jpg)/d2lnr5mha7bycj.cloudfront.net/product-image/file/large_8f5c2dfa-c638-4685-81cc-fb55b8d4f11b.jpg,"
CVS,Good Humor Frozen Dairy Dessert Bars Strawberry Shortcake,$6.99,,,18 fl oz,[],,"https://www.instacart.com/image-server/197x197/filters:fill(FFF,true):format(jpg)/d2lnr5mha7bycj.cloudfront.net/product-image/file/large_5c69cf73-a945-4944-893b-8a7df5ae2d39.png,"
CVS,Outshine Fruit Bars Variety Pack,$6.59,,,12 each,['Fat-Free'],,"https://www.instacart.com/image-server/197x197/filters:fill(FFF,true):format(jpg)/d2lnr5mha7bycj.cloudfront.net/product-image/file/large_f8076fd6-8c98-44fb-95ef-b05c1ed7e0eb.jpg,"
CVS,Haagen-Dazs Vanilla Swiss Almond Ice Cream,$6.99,,,14 fl oz,[],,"https://www.instacart.com/image-server/197x197/filters:fill(FFF,true):format(jpg)/d2lnr5mha7bycj.cloudfront.net/product-image/file/large_dd13dd25-abf1-4f00-8e7f-68cfb79ea9a0.jpg,"
CVS,Outshine Strawberry Frozen Fruit Bars,$5.79,,,6 ct,['Fat-Free'],,"https://www.instacart.com/image-server/197x197/filters:fill(FFF,true):format(jpg)/d2lnr5mha7bycj.cloudfront.net/product-image/file/large_a419ae33-ad23-4814-9757-f4bf3f272eb0.jpg,"
CVS,"Magnum Ice Cream Bars, Double Caramel",$5.99,,,3 ct,[],,"https://www.instacart.com/image-server/197x197/filters:fill(FFF,true):format(jpg)/d2lnr5mha7bycj.cloudfront.net/product-image/file/large_e27ee1af-afc9-40af-8324-1fbd6df6fbd0.png,"
CVS,Drumstick Vanilla Frozen Dairy Dessert Cones,$5.49,,,4 ct,[],,"https://www.instacart.com/image-server/197x197/filters:fill(FFF,true):format(jpg)/d2lnr5mha7bycj.cloudfront.net/product-image/file/large_dbe67ae5-c04f-4668-8527-15b034f1b1d1.jpg,"
CVS,Haagen-Dazs Caramel Cone Ice Cream,$6.99,,,1 pt,[],,"https://www.instacart.com/image-server/197x197/filters:fill(FFF,true):format(jpg)/d2lnr5mha7bycj.cloudfront.net/product-image/file/large_16cedc6a-86d5-425f-a9ed-32b1494ece53.jpg,"
CVS,Bomb Pop Original Ice Pops,$5.49,,,12 ct,[],,"https://www.instacart.com/image-server/197x197/filters:fill(FFF,true):format(jpg)/d2lnr5mha7bycj.cloudfront.net/product-image/file/large_48ec143f-a2d9-4b44-a764-ff51b5f5d34a.jpg,"
CVS,"Helados Mexico Ice Cream Bars, Premium, Strawberry/Coconut/Mango, Minis, Variety Pack",$6.79,,,12 each,[],,"https://www.instacart.com/image-server/197x197/filters:fill(FFF,true):format(jpg)/d2lnr5mha7bycj.cloudfront.net/product-image/file/large_b4cba9e3-cc0c-464e-ae0d-a0ceb240138e.jpg,"
CVS,Ben & Jerry's Half Baked® Chocolate & Vanilla Ice Cream Pint,$7.49,,,16 oz,[],,"https://www.instacart.com/image-server/197x197/filters:fill(FFF,true):format(jpg)/d2lnr5mha7bycj.cloudfront.net/product-image/file/large_d9088007-764b-4f32-9cb3-31fdffa50949.png,"
CVS,Talenti Gelato Caramel Cookie Crunch,$6.99,,,1 pt,[],,"https://www.instacart.com/image-server/197x197/filters:fill(FFF,true):format(jpg)/d2lnr5mha7bycj.cloudfront.net/product-image/file/large_0f160b6e-5e91-4fd2-9c5a-ac465acc4388.png,"
CVS,Reese's Peanut Butter Frozen Dairy Dessert Sandwich,$5.49,,,4 x 4 oz,[],,"https://www.instacart.com/image-server/197x197/filters:fill(FFF,true):format(jpg)/d2lnr5mha7bycj.cloudfront.net/product-image/file/large_0826dc65-0b6e-4f14-8858-49ea8a117072.png,"
CVS,Haagen-Dazs Ice Cream Dulce De Leche Caramel,$6.99,,,14 oz,[],,"https://www.instacart.com/image-server/197x197/filters:fill(FFF,true):format(jpg)/d2lnr5mha7bycj.cloudfront.net/product-image/file/large_181faf51-d6f2-4e9e-970b-f99d78744fa7.jpg,"
CVS,"Talenti Sorbetto, Dairy Free, Roman Raspberry",$6.99,,,1 pt,['Vegan'],,"https://www.instacart.com/image-server/197x197/filters:fill(FFF,true):format(jpg)/d2lnr5mha7bycj.cloudfront.net/product-image/file/large_83e623fe-b87d-477a-93a6-132abc70d366.png,"
CVS,"Ben & Jerry's Ice Cream, Strawberry Cheesecake",$7.49,,,1 pt,[],,"https://www.instacart.com/image-server/197x197/filters:fill(FFF,true):format(jpg)/d2lnr5mha7bycj.cloudfront.net/product-image/file/large_b1ecef3e-eaf5-40c2-998e-7415f5d8dd42.png,"
CVS,Magnum Mini Ice Cream Bars Classic Almond White,$7.49,,,6 x 11.1 oz,[],,"https://www.instacart.com/image-server/197x197/filters:fill(FFF,true):format(jpg)/d2lnr5mha7bycj.cloudfront.net/product-image/file/large_9dc79a9e-da15-44ac-b614-ad1db45de119.png,"
CVS,Haagen-Dazs Butter Pecan Ice Cream,$6.99,,,14 fl oz,[],,"https://www.instacart.com/image-server/197x197/filters:fill(FFF,true):format(jpg)/d2lnr5mha7bycj.cloudfront.net/product-image/file/large_b5cebb80-fc2f-48e8-8afb-db07bc277509.jpg,"
CVS,"Ben & Jerry's Ice Cream, Chocolate Chip Cookie Dough",$7.49,,,1 pt,[],,"https://www.instacart.com/image-server/197x197/filters:fill(FFF,true):format(jpg)/d2lnr5mha7bycj.cloudfront.net/product-image/file/large_1d21f8c1-f795-4039-94e0-3597a0299e7e.png,"
CVS,Haagen-Dazs Vanilla Chocolate Ice Cream Bars,$5.79,,,3 ct,[],,"https://www.instacart.com/image-server/197x197/filters:fill(FFF,true):format(jpg)/d2lnr5mha7bycj.cloudfront.net/product-image/file/large_f5466780-613c-4fe8-86c2-3a6e5392f177.jpg,"
CVS,Haagen-Dazs Strawberry Ice Cream,$6.99,,,14 fl oz,[],,"https://www.instacart.com/image-server/197x197/filters:fill(FFF,true):format(jpg)/d2lnr5mha7bycj.cloudfront.net/product-image/file/large_ce379e9e-a11e-40ab-ae7b-4b2a567a11b4.jpg,"
CVS,Haagen-Dazs Mint Chip Ice Cream,$6.99,,,14 fl oz,[],,"https://www.instacart.com/image-server/197x197/filters:fill(FFF,true):format(jpg)/d2lnr5mha7bycj.cloudfront.net/product-image/file/large_c4e22cc3-a640-44a0-9352-3092b72bb3a7.jpg,"
CVS,Oreo Frozen Dairy Dessert Bars,$6.49,,,5 each,[],,"https://www.instacart.com/image-server/197x197/filters:fill(FFF,true):format(jpg)/d2lnr5mha7bycj.cloudfront.net/product-image/file/large_dfd1c66c-63d7-4631-9a71-992408db6a1c.jpg,"
CVS,Talenti Gelato Layers Vanilla Fudge Cookie,$7.29,,,11 oz,[],,"https://www.instacart.com/image-server/197x197/filters:fill(FFF,true):format(jpg)/d2lnr5mha7bycj.cloudfront.net/product-image/file/large_b538be14-71bd-425e-b1b6-6f19ef935147.png,"
CVS,"Ben & Jerry's Ice Cream, Chocolate Fudge Brownie",$7.49,,,1 pt,[],,"https://www.instacart.com/image-server/197x197/filters:fill(FFF,true):format(jpg)/d2lnr5mha7bycj.cloudfront.net/product-image/file/large_21b4d8bb-44c3-43f2-ab98-116c7548ef8f.png,"
CVS,"Ben & Jerry's Ice Cream, Cherry Garcia",$7.49,,,1 pt,[],,"https://www.instacart.com/image-server/197x197/filters:fill(FFF,true):format(jpg)/d2lnr5mha7bycj.cloudfront.net/product-image/file/large_c957fe78-2419-4654-a432-29803e1bea5c.png,"
CVS,Haagen-Dazs Coffee Ice Cream,$6.99,,,14 fl oz,[],,"https://www.instacart.com/image-server/197x197/filters:fill(FFF,true):format(jpg)/d2lnr5mha7bycj.cloudfront.net/product-image/file/large_cbedf553-a0f8-49ec-b937-b8ad2edf8088.jpg,"
CVS,Haagen-Dazs Chocolate Ice Cream,$6.99,,,14 fl oz,[],,"https://www.instacart.com/image-server/197x197/filters:fill(FFF,true):format(jpg)/d2lnr5mha7bycj.cloudfront.net/product-image/file/large_81d28719-5e05-4760-910b-7ecbdb0783c4.jpg,"
CVS,Ben & Jerry's The Tonight Dough® Caramel & Chocolate Ice Cream Pint,$7.49,,,1 pt,[],,"https://www.instacart.com/image-server/197x197/filters:fill(FFF,true):format(jpg)/d2lnr5mha7bycj.cloudfront.net/product-image/file/large_e495624e-c22b-4875-a2fc-3c090cb5f6e6.png,"
CVS,Haagen-Dazs Vanilla Ice Cream,$6.99,,,14 fl oz,[],,"https://www.instacart.com/image-server/197x197/filters:fill(FFF,true):format(jpg)/d2lnr5mha7bycj.cloudfront.net/product-image/file/large_1fe7cc4a-5d80-4fc2-9989-c96754915187.jpg,"
CVS,Haagen-Dazs Rum Raisin Ice Cream,$6.99,,,14 fl oz,[],,"https://www.instacart.com/image-server/197x197/filters:fill(FFF,true):format(jpg)/d2lnr5mha7bycj.cloudfront.net/product-image/file/large_e5615230-00c7-44b5-9dad-0f76add5797a.jpg,"
CVS,Haagen-Dazs Dulce de Leche Churro Ice Cream Bars,$5.99,,,9 oz,[],,"https://www.instacart.com/image-server/197x197/filters:fill(FFF,true):format(jpg)/d2lnr5mha7bycj.cloudfront.net/product-image/file/large_7af071a2-edfe-43d6-a459-363b5dc06cd9.jpg,"
CVS,Haagen-Dazs Pineapple Coconut Ice Cream,$6.99,,,1 pt,[],,"https://www.instacart.com/image-server/197x197/filters:fill(FFF,true):format(jpg)/d2lnr5mha7bycj.cloudfront.net/product-image/file/large_36f4f86c-19d0-4bb1-bc9f-a5933fb61ba0.jpg,"
CVS,Talenti Gelato Mediterranean Mint,$6.99,,,1 pt,[],,"https://www.instacart.com/image-server/197x197/filters:fill(FFF,true):format(jpg)/d2lnr5mha7bycj.cloudfront.net/product-image/file/large_04f0ae40-ffa7-447f-b15e-523cc22b7c5b.png,"
CVS,TWIX Caramel Vanilla Ice Cream Bars Pack,$6.79,,,5 ct,[],,"https://www.instacart.com/image-server/197x197/filters:fill(FFF,true):format(jpg)/d2lnr5mha7bycj.cloudfront.net/product-image/file/large_812dd056-68e8-4bb7-b603-017f95cd73e7.jpg,"
CVS,Ben & Jerry's Phish Food® Chocolate Ice Cream Pint,$7.49,,,16 oz,[],,"https://www.instacart.com/image-server/197x197/filters:fill(FFF,true):format(jpg)/d2lnr5mha7bycj.cloudfront.net/product-image/file/large_6833d809-7938-4762-9396-169b36e840de.png,"
CVS,Haagen-Dazs Chocolate Dark Chocolate Ice Cream Bars,$5.79,,,3 x 3 fl oz,[],,"https://www.instacart.com/image-server/197x197/filters:fill(FFF,true):format(jpg)/d2lnr5mha7bycj.cloudfront.net/product-image/file/large_6d4bc26c-9f5a-485f-920c-7868fcc3133a.jpg,"
CVS,Ben & Jerry's Mint Chocolate Cookie Peppermint Ice Cream Pint,$7.49,,,16 oz,[],,"https://www.instacart.com/image-server/197x197/filters:fill(FFF,true):format(jpg)/d2lnr5mha7bycj.cloudfront.net/product-image/file/large_4d681f18-0a70-427e-92d6-ebc10eec0f73.png,"
CVS,Magnum Ice Cream Bars Double Raspberry,$5.99,,,3 each,[],,"https://www.instacart.com/image-server/197x197/filters:fill(FFF,true):format(jpg)/d2lnr5mha7bycj.cloudfront.net/product-image/file/large_88acad5a-49a0-4ddd-b444-a001b14b7cd7.png,"
CVS,Talenti Sorbetto Alphonso Mango,$6.99,,,1 pt,['Vegan'],,"https://www.instacart.com/image-server/197x197/filters:fill(FFF,true):format(jpg)/d2lnr5mha7bycj.cloudfront.net/product-image/file/large_1248b993-24a2-4504-96b0-aeefa74a980c.png,"
CVS,Ben & Jerry's Milk & Cookies Vanilla Ice Cream Pint,$7.49,,,16 oz,[],,"https://www.instacart.com/image-server/197x197/filters:fill(FFF,true):format(jpg)/d2lnr5mha7bycj.cloudfront.net/product-image/file/large_fbe86e75-5730-4752-b30d-89eb85363342.png,"
CVS,Dreyer's Butter Pecan Ice Cream,$6.79,,,48 oz,[],,"https://www.instacart.com/image-server/197x197/filters:fill(FFF,true):format(jpg)/d2lnr5mha7bycj.cloudfront.net/product-image/file/large_c17b5664-9a0a-4b29-b2f6-71e1f416f10f.jpg,"
CVS,"EDY'S Light Ice Cream, Caramel Delight",$6.79,,,1.5 qt,[],,"https://www.instacart.com/image-server/197x197/filters:fill(FFF,true):format(jpg)/d2lnr5mha7bycj.cloudfront.net/product-image/file/large_fa2ec8dc-8691-4d8d-9092-ab23ff20c76c.jpg,"
CVS,Edy's/Dreyer's SLOW CHURNED No Sugar Added Vanilla Light Ice Cream,$6.79,,,1.5 qt,['No Sugar Added'],,"https://www.instacart.com/image-server/197x197/filters:fill(FFF,true):format(jpg)/d2lnr5mha7bycj.cloudfront.net/product-image/file/large_aadb79c1-0ace-47f7-90e6-43b03cad259b.jpg,"
CVS,Edy's/Dreyer's Slow Churned French Silk Light Ice Cream,$6.79,,,1.5 qt,[],,"https://www.instacart.com/image-server/197x197/filters:fill(FFF,true):format(jpg)/d2lnr5mha7bycj.cloudfront.net/product-image/file/large_c053cf7b-e2ca-4961-aa89-75e35338f488.jpg,"
CVS,"Pop-Tarts Toaster Pastries, Breakfast Foods, Kids Snacks, Frosted Strawberry",$4.99,,,8 ct,[],,"https://www.instacart.com/image-server/197x197/filters:fill(FFF,true):format(jpg)/d2lnr5mha7bycj.cloudfront.net/product-image/file/large_c7b4242b-8109-4021-be67-9adf26c3f36a.jpg,"
CVS,"Pop-Tarts Toaster Pastries, Breakfast Foods, Kids Snacks, Frosted Brown Sugar Cinnamon",$4.99,,,8 ct,[],,"https://www.instacart.com/image-server/197x197/filters:fill(FFF,true):format(jpg)/d2lnr5mha7bycj.cloudfront.net/product-image/file/large_0fd1dd15-a4c9-475b-b1ab-e63eecd1b12f.jpg,"
CVS,Cinnamon Toast Crunch Breakfast Cereal,$8.99,,,18.8 oz,['Whole Grain'],,"https://www.instacart.com/image-server/197x197/filters:fill(FFF,true):format(jpg)/d2lnr5mha7bycj.cloudfront.net/product-image/file/large_8ac68ac4-977c-416b-9b52-c86d0751d8e6.png,"
CVS,"Frosted Mini-Wheats Breakfast Cereal, Kids Cereal, Family Breakfast, Original",$8.49,,,24 oz,['Whole Grain'],,"https://www.instacart.com/image-server/197x197/filters:fill(FFF,true):format(jpg)/d2lnr5mha7bycj.cloudfront.net/product-image/file/large_bc4170a0-0463-49ab-8572-ba19cad47606.jpg,"
CVS,"Pop-Tarts Toaster Pastries, Breakfast Foods, Kids Snacks, Frosted S'mores",$4.99,,,8 ct,[],,"https://www.instacart.com/image-server/197x197/filters:fill(FFF,true):format(jpg)/d2lnr5mha7bycj.cloudfront.net/product-image/file/large_1eb1170c-5f8b-46f4-9332-0cc72c60371e.jpg,"
CVS,"Pop-Tarts Toaster Pastries, Breakfast Foods, Kids Snacks, Frosted Cookies and Creme",$4.99,,,8 ct,[],,"https://www.instacart.com/image-server/197x197/filters:fill(FFF,true):format(jpg)/d2lnr5mha7bycj.cloudfront.net/product-image/file/large_a1a928b5-81e4-47a5-9814-f659586821c1.jpg,"
CVS,"Pop-Tarts Toaster Pastries, Breakfast Foods, Kids Snacks, Frosted Cherry",$4.99,,,8 x 13.5 oz,[],,"https://www.instacart.com/image-server/197x197/filters:fill(FFF,true):format(jpg)/d2lnr5mha7bycj.cloudfront.net/product-image/file/large_5ccb831f-cde1-4d53-bc05-6b93ff1bd1d2.jpg,"
CVS,"Kellogg’s Special K Breakfast Cereal, Family Breakfast, Made with Real Strawberries, Red Berries",$9.29,,,16.9 oz,[],,"https://www.instacart.com/image-server/197x197/filters:fill(FFF,true):format(jpg)/d2lnr5mha7bycj.cloudfront.net/product-image/file/large_f5c025a6-700a-4fa5-9801-27f3ba8ea2f8.jpg,"
CVS,"Kellogg’s Special K Pastry Crisps, 100 Calorie Snacks, Breakfast Bars, Strawberry",$4.59,,,12 x 0.88 oz,[],,"https://www.instacart.com/image-server/197x197/filters:fill(FFF,true):format(jpg)/d2lnr5mha7bycj.cloudfront.net/product-image/file/large_10c50016-d940-4e18-9b70-5dd17dc6059b.jpg,"
CVS,Cinnamon Toast Crunch Cereal,$2.09,,,2 oz,[],,"https://www.instacart.com/image-server/197x197/filters:fill(FFF,true):format(jpg)/d2lnr5mha7bycj.cloudfront.net/product-image/file/large_8efdcbf3-ac2f-47e4-87dd-6c45afc00570.png,"
CVS,Honey Nut Cheerios Gluten-Free Breakfast Cereal,$8.99,,,19.5 oz,['Whole Grain'],,"https://www.instacart.com/image-server/197x197/filters:fill(FFF,true):format(jpg)/d2lnr5mha7bycj.cloudfront.net/product-image/file/large_05889cce-4a16-4df0-bf14-275ed95ae677.png,"
CVS,Kellogg's Rice Krispies Breakfast Cereal Original,$9.29,,,18 oz,[],,"https://www.instacart.com/image-server/197x197/filters:fill(FFF,true):format(jpg)/d2lnr5mha7bycj.cloudfront.net/product-image/file/large_a44a9d5c-d148-4c2e-b4c7-a3c08ae7fc63.jpg,"
CVS,"Pop-Tarts Toaster Pastries, Breakfast Foods, Kids Snacks, Frosted Strawberry",$6.49,,,12 ct,[],,"https://www.instacart.com/image-server/197x197/filters:fill(FFF,true):format(jpg)/d2lnr5mha7bycj.cloudfront.net/product-image/file/large_b557330a-a81a-48f0-8575-40accbe17649.jpg,"
CVS,"Pop-Tarts Toaster Pastries, Breakfast Foods, Kids Snacks, Frosted Blueberry",$4.99,,,8 x 13.5 oz,[],,"https://www.instacart.com/image-server/197x197/filters:fill(FFF,true):format(jpg)/d2lnr5mha7bycj.cloudfront.net/product-image/file/large_89293411-d467-461e-831e-5ebcdd70c4ef.jpg,"
CVS,"Frosted Flakes Breakfast Cereal, Kids Cereal, Family Breakfast, Original",$8.49,,,24 oz,[],,"https://www.instacart.com/image-server/197x197/filters:fill(FFF,true):format(jpg)/d2lnr5mha7bycj.cloudfront.net/product-image/file/large_34e1b737-a658-452e-909a-62c6c506a568.jpg,"
CVS,"Frosted Flakes Cold Breakfast Cereal, 8 Vitamins and Minerals, Kids Snacks, Original",$2.09,,,2.1 oz,[],,"https://www.instacart.com/image-server/197x197/filters:fill(FFF,true):format(jpg)/d2lnr5mha7bycj.cloudfront.net/product-image/file/large_b486cd50-2bb3-44fb-95cb-02670364d589.jpg,"
CVS,"Pop-Tarts Toaster Pastries, Breakfast Foods, Kids Snacks, Frosted Brown Sugar Cinnamon",$6.49,,,12 ct,[],,"https://www.instacart.com/image-server/197x197/filters:fill(FFF,true):format(jpg)/d2lnr5mha7bycj.cloudfront.net/product-image/file/large_458e8f14-39c2-4282-8479-5b678adfa781.jpg,"
CVS,"Post Honey Bunches of Oats with Almonds Breakfast Cereal, Heart Healthy, Family Size",$9.79,,,18 oz,[],,"https://www.instacart.com/image-server/197x197/filters:fill(FFF,true):format(jpg)/d2lnr5mha7bycj.cloudfront.net/product-image/file/large_520740cb-36ae-498f-80c8-d8e7546354d0.jpg,"
CVS,"Quaker Instant Oatmeal, Maple & Brown Sugar, 10 Pack",$6.29,,,15.1 oz,[],,"https://www.instacart.com/image-server/197x197/filters:fill(FFF,true):format(jpg)/d2lnr5mha7bycj.cloudfront.net/product-image/file/large_93333a84-748c-4985-a527-464ee2e51873.png,"
CVS,"Kellogg’s Special K Cold Breakfast Cereal, 11 Vitamins and Minerals, Vanilla and Almond",$9.29,,,18.8 oz,[],,"https://www.instacart.com/image-server/197x197/filters:fill(FFF,true):format(jpg)/d2lnr5mha7bycj.cloudfront.net/product-image/file/large_e1a84003-fb24-45dd-bfbf-e79da136eb5b.jpg,"
CVS,"Post Fruity PEBBLES Breakfast Cereal, Gluten Free",$8.79,,,19.5 oz,[],,"https://www.instacart.com/image-server/197x197/filters:fill(FFF,true):format(jpg)/d2lnr5mha7bycj.cloudfront.net/product-image/file/large_dd37d3bc-26ff-4d86-8185-406c1f50aae9.jpg,"
CVS,"Cinnamon Toast Crunch Breakfast Cereal Treat Bars, Snack Bars",$5.49,,,6.8 oz,[],,"https://www.instacart.com/image-server/197x197/filters:fill(FFF,true):format(jpg)/d2lnr5mha7bycj.cloudfront.net/product-image/file/large_df85b3f2-1919-4c6b-af12-b867578b68b9.png,"
CVS,Bisquick Original Pancake & Versatile Baking Mix,$4.49,,,20 oz,[],,"https://www.instacart.com/image-server/197x197/filters:fill(FFF,true):format(jpg)/d2lnr5mha7bycj.cloudfront.net/product-image/file/large_0a0bd448-dfa9-42b1-9035-641cefac9785.png,"
CVS,"Kellogg Froot Loops Cold Breakfast Cereal, Fruit Flavored, Breakfast Snacks with Vitamin C, Original",$2.09,,,1.5 oz,['Whole Grain'],,"https://www.instacart.com/image-server/197x197/filters:fill(FFF,true):format(jpg)/d2lnr5mha7bycj.cloudfront.net/product-image/file/large_f4ff9ea7-e6ed-4c31-8a8e-49460d629328.jpg,"
CVS,"Lucky Charms Marshmallow Breakfast Cereal with Unicorns, Gluten Free",$8.99,,,19.3 oz,['Whole Grain'],,"https://www.instacart.com/image-server/197x197/filters:fill(FFF,true):format(jpg)/d2lnr5mha7bycj.cloudfront.net/product-image/file/large_3e018721-7194-4f5f-8e22-8ca6f97a9b6d.png,"
CVS,Quaker 1-Minute Oats,$9.59,,,42 oz,[],,"https://www.instacart.com/image-server/197x197/filters:fill(FFF,true):format(jpg)/d2lnr5mha7bycj.cloudfront.net/product-image/file/large_e9091656-081c-4902-8896-3cade025dc80.png,"
CVS,"Kashi Breakfast Cereal, Fiber Cereal, Family Breakfast, Cinnamon Harvest",$6.79,,,16.3 oz,"['Organic', 'Whole Grain']",,"https://www.instacart.com/image-server/197x197/filters:fill(FFF,true):format(jpg)/d2lnr5mha7bycj.cloudfront.net/product-image/file/large_4c1c05f3-04c8-4931-9be3-a2800a2f6107.jpg,"
CVS,"Kellogg’s Honey Smacks Cold Breakfast Cereal, Kids Snacks, Original",$6.79,,,15.3 oz,['Whole Grain'],,"https://www.instacart.com/image-server/197x197/filters:fill(FFF,true):format(jpg)/d2lnr5mha7bycj.cloudfront.net/product-image/file/large_ae34610e-e887-433d-977f-8581b641fadc.jpg,"
CVS,"Pop-Tarts Baked Pastry Bites, Kids Snacks, School Lunch, Frosted Strawberry",$5.99,,,5 x 1.4 oz,[],,"https://www.instacart.com/image-server/197x197/filters:fill(FFF,true):format(jpg)/d2lnr5mha7bycj.cloudfront.net/product-image/file/large_c10a2f1e-ed8a-45fb-87ca-92a13bc02259.jpg,"
CVS,Gold Emblem Abound Blueberry Pomegranate Clusters Cereal,$5.79,,,3 oz,[],,"https://www.instacart.com/image-server/197x197/filters:fill(FFF,true):format(jpg)/d2lnr5mha7bycj.cloudfront.net/product-image/file/large_31e80326-6eab-45d1-9c60-dcc335309646.jpg,"
CVS,Nature Valley Whole Grain Oats and Honey Protein Granola,$7.29,,,11 oz,[],,"https://www.instacart.com/image-server/197x197/filters:fill(FFF,true):format(jpg)/d2lnr5mha7bycj.cloudfront.net/product-image/file/large_adf27d45-9592-463e-80ef-524b5159ebed.png,"
CVS,"Honey Bunches of Oats Honey Roasted Breakfast Cereal, Whole Grain, Cereal Box",$5.99,,,14.5 oz,['Whole Grain'],,"https://www.instacart.com/image-server/197x197/filters:fill(FFF,true):format(jpg)/d2lnr5mha7bycj.cloudfront.net/product-image/file/large_18d0de38-48fb-4a7b-85a9-83182cdf4d75.jpg,"
CVS,Apple Cinnamon Cheerios Heart Healthy Gluten Free Breakfast Cereal,$8.99,,,19 oz,['Whole Grain'],,"https://www.instacart.com/image-server/197x197/filters:fill(FFF,true):format(jpg)/d2lnr5mha7bycj.cloudfront.net/product-image/file/large_29f85499-5ab0-4081-91cf-1bbc158e9250.png,"
CVS,"Raisin Bran Breakfast Cereal, Family Breakfast, Fiber Cereal, Original",$9.29,,,24 oz,['Whole Grain'],,"https://www.instacart.com/image-server/197x197/filters:fill(FFF,true):format(jpg)/d2lnr5mha7bycj.cloudfront.net/product-image/file/large_0c7eab01-bfb9-47a3-a74f-5721fcde1811.jpg,"
CVS,"Fiber One Chewy Bars, Oats & Chocolate, Fiber Snacks",$10.79,,,14.1 oz,[],,"https://www.instacart.com/image-server/197x197/filters:fill(FFF,true):format(jpg)/d2lnr5mha7bycj.cloudfront.net/product-image/file/large_8b10d247-b27f-433f-b158-e711ce56d5ec.png,"
CVS,"Quaker Oatmeal, Fruit & Cream, Instant",$6.29,,,8 x 1.23 oz,[],,"https://www.instacart.com/image-server/197x197/filters:fill(FFF,true):format(jpg)/d2lnr5mha7bycj.cloudfront.net/product-image/file/large_e075d7d8-a989-4e54-a9be-302777e72222.png,"
CVS,The Safe + Fair Food Company Birthday Cake Granola,$6.99,,,12 oz,['Gluten-Free'],,"https://www.instacart.com/image-server/197x197/filters:fill(FFF,true):format(jpg)/d2lnr5mha7bycj.cloudfront.net/product-image/file/large_61efbc6a-6b03-4bed-aae1-3e880791cdd8.png,"
CVS,"Quaker Instant Oatmeal, Apples & Cinnamon, 10 Pack",$6.29,,,10 x 1.51 oz,[],,"https://www.instacart.com/image-server/197x197/filters:fill(FFF,true):format(jpg)/d2lnr5mha7bycj.cloudfront.net/product-image/file/large_6814bd6a-866b-4301-8fbb-7adf9dc58136.png,"
CVS,Chocolate Cheerios Heart Healthy Cereal With Happy Heart Shapes,$8.99,,,19.2 oz,['Whole Grain'],,"https://www.instacart.com/image-server/197x197/filters:fill(FFF,true):format(jpg)/d2lnr5mha7bycj.cloudfront.net/product-image/file/large_9b5896e7-78c0-4448-8bba-a44c00235b0e.png,"
CVS,Nature Valley Lemon Poppy Seed Soft-Baked Muffin Bars,$5.49,,,6.2 oz,[],,"https://www.instacart.com/image-server/197x197/filters:fill(FFF,true):format(jpg)/d2lnr5mha7bycj.cloudfront.net/product-image/file/large_33673438-2731-4c2a-8f86-3de5b76639a8.png,"
CVS,"Quaker Instant Oatmeal, Maple & Brown Sugar",$2.19,,,1.69 oz,[],,"https://www.instacart.com/image-server/197x197/filters:fill(FFF,true):format(jpg)/d2lnr5mha7bycj.cloudfront.net/product-image/file/large_f1dbf544-43e6-4a68-aaab-9a0cae40bc36.png,"
CVS,"Cheerios Cereal, Honey Nut",$2.09,,,1.8 oz,['Whole Grain'],,"https://www.instacart.com/image-server/197x197/filters:fill(FFF,true):format(jpg)/d2lnr5mha7bycj.cloudfront.net/product-image/file/large_05960f43-54bc-4542-92f4-2fba14924ed0.png,"
CVS,belVita Breakfast Golden Oat Breakfast Biscuits,$6.29,,,8.8 oz,[],,"https://www.instacart.com/image-server/197x197/filters:fill(FFF,true):format(jpg)/d2lnr5mha7bycj.cloudfront.net/product-image/file/large_4550ab5c-3f25-47ec-bfed-c81bbb5397ab.jpg,"
CVS,"Kellogg Froot Loops Cold Breakfast Cereal, Fruit Flavored, Snacks with Vitamin C, Original",$8.49,,,19.4 oz,['Multigrain'],,"https://www.instacart.com/image-server/197x197/filters:fill(FFF,true):format(jpg)/d2lnr5mha7bycj.cloudfront.net/product-image/file/large_fe2e8f68-e472-4b37-905e-1fbd312a65ce.jpg,"
CVS,CVS Gold Emblem 100% Apple Juice,$4.19,,,64 fl oz,[],,"https://www.instacart.com/image-server/197x197/filters:fill(FFF,true):format(jpg)/d2lnr5mha7bycj.cloudfront.net/product-image/file/large_14bf839f-19ed-4875-a647-d43846a74615.jpg,"
CVS,AriZona Fruit Punch,$4.19,,,1 gal,[],,"https://www.instacart.com/image-server/197x197/filters:fill(FFF,true):format(jpg)/d2lnr5mha7bycj.cloudfront.net/product-image/file/large_8fbe7ecf-8765-4168-8dbe-5a3ef0d6946d.png,"
CVS,Mott's 100% Original Apple Juice,$5.29,,,64 fl oz,['No Sugar Added'],,"https://www.instacart.com/image-server/197x197/filters:fill(FFF,true):format(jpg)/d2lnr5mha7bycj.cloudfront.net/product-image/file/large_d8648f6b-fd6d-4836-b4f8-58847cc8decd.jpg,"
CVS,CVS Gold Emblem Strawberry Flavored Lemonade,$3.19,,,64 fl oz,[],,"https://www.instacart.com/image-server/197x197/filters:fill(FFF,true):format(jpg)/d2lnr5mha7bycj.cloudfront.net/product-image/file/large_240062c7-05fc-4b99-a7aa-18b8c5c0c4e0.jpg,"
CVS,"Dole 100% Juice, Pineapple",$4.69,,,6 x 6 fl oz • 2 options,[],,"https://www.instacart.com/image-server/197x197/filters:fill(FFF,true):format(jpg)/d2lnr5mha7bycj.cloudfront.net/product-image/file/large_d29e0ad0-e19b-42c5-a674-5bfd55f82189.png,"
CVS,Ocean Spray Cranberry Juice Cocktail,$5.29,,,64 fl oz • 2 options,[],,"https://www.instacart.com/image-server/197x197/filters:fill(FFF,true):format(jpg)/d2lnr5mha7bycj.cloudfront.net/product-image/file/large_504f027b-40a9-41a9-85cb-e91848e11145.jpg,"
CVS,Capri Sun Pacific Cooler Mixed Fruit Naturally Flavored Juice Drink Blend,$5.79,,,10 x 6 fl oz,[],,"https://www.instacart.com/image-server/197x197/filters:fill(FFF,true):format(jpg)/d2lnr5mha7bycj.cloudfront.net/product-image/file/large_844bd0c9-563e-4346-990b-bff2499a8e6f.jpg,"
CVS,"Ocean Spray 100% Juice, Cranberry",$5.79,,,60 fl oz,['No Sugar Added'],,"https://www.instacart.com/image-server/197x197/filters:fill(FFF,true):format(jpg)/d2lnr5mha7bycj.cloudfront.net/product-image/file/large_23df4d2f-bbf9-4fdd-98f8-e07d4ad27a6a.jpg,"
CVS,V8 Tropical Blend Flavored Juice Beverage,$3.89,,,64 fl oz,[],,"https://www.instacart.com/image-server/197x197/filters:fill(FFF,true):format(jpg)/d2lnr5mha7bycj.cloudfront.net/product-image/file/large_896e5014-13d2-4ec2-9731-c015e0b24eb0.jpg,"
CVS,"Starbucks Ready to Drink Coffee, Espresso & Cream",$3.19,,,6.5 fl oz,[],,"https://www.instacart.com/image-server/197x197/filters:fill(FFF,true):format(jpg)/d2lnr5mha7bycj.cloudfront.net/product-image/file/large_8374d4bb-23f5-4f53-a531-8f5a87059606.png,"
CVS,CVS Gold Emblem Lemonade Juice,$3.19,,,64 fl oz,[],,"https://www.instacart.com/image-server/197x197/filters:fill(FFF,true):format(jpg)/d2lnr5mha7bycj.cloudfront.net/product-image/file/large_e5aae7bf-5373-4568-a5f7-21c31a68c10a.jpg,"
CVS,"Tropicana 100% Orange Juice, No Pulp",$2.49,,,12 fl oz • 2 options,[],,"https://www.instacart.com/image-server/197x197/filters:fill(FFF,true):format(jpg)/d2lnr5mha7bycj.cloudfront.net/product-image/file/large_132601b8-c17c-4e3a-8e87-9e8e8fbe7a7f.png,"
CVS,Hawaiian Punch Fruit Juicy Red,$5.29,,,1 gal,[],,"https://www.instacart.com/image-server/197x197/filters:fill(FFF,true):format(jpg)/d2lnr5mha7bycj.cloudfront.net/product-image/file/large_3cbe7f68-5b66-4bdf-bebc-bc879ed8ea6b.jpg,"
CVS,Ocean Spray Diet Cranberry Juice Drink,$5.29,,,64 fl oz,[],,"https://www.instacart.com/image-server/197x197/filters:fill(FFF,true):format(jpg)/d2lnr5mha7bycj.cloudfront.net/product-image/file/large_cb032655-6987-49a9-92df-283c03942336.jpg,"
CVS,Minute Maid Lemonade Made W/ Real Lemons,$9.99,,,12 x 12 fl oz • 3 options,[],,"https://www.instacart.com/image-server/197x197/filters:fill(FFF,true):format(jpg)/d2lnr5mha7bycj.cloudfront.net/product-image/file/large_cd430a5f-fc31-46c8-83a2-079ffb450471.jpg,"
CVS,Minute Maid Lemonade Made W/ Real Lemons,$2.89,,,20 fl oz • 3 options,[],,"https://www.instacart.com/image-server/197x197/filters:fill(FFF,true):format(jpg)/d2lnr5mha7bycj.cloudfront.net/product-image/file/large_f1553ab3-bd4b-4ce5-b10c-b1264fdee645.jpg,"
CVS,Welch's Concord Grape Juice,$5.79,,,46 fl oz,['No Sugar Added'],,"https://www.instacart.com/image-server/197x197/filters:fill(FFF,true):format(jpg)/d2lnr5mha7bycj.cloudfront.net/product-image/file/large_5d2bae26-43f8-44b6-8efc-f9fba07d0c74.jpg,"
CVS,"Dole 100% Juice, Pineapple",$4.59,,,46 fl oz • 2 options,[],,"https://www.instacart.com/image-server/197x197/filters:fill(FFF,true):format(jpg)/d2lnr5mha7bycj.cloudfront.net/product-image/file/large_df658435-7451-4bea-8d51-56305a30c8a6.png,"
CVS,Gold Emblem. Cranberry Juice Cocktail,$4.49,,,64 fl oz,[],,"https://www.instacart.com/image-server/197x197/filters:fill(FFF,true):format(jpg)/d2lnr5mha7bycj.cloudfront.net/product-image/file/large_5f7e8fa6-8009-428c-b06d-afa916753cbc.jpg,"
CVS,"Naked Juice, Mighty Mango",$4.79,,,15.2 fl oz,[],,"https://www.instacart.com/image-server/197x197/filters:fill(FFF,true):format(jpg)/d2lnr5mha7bycj.cloudfront.net/product-image/file/large_1977b517-545d-436c-a838-6eee5e194a6b.png,"
CVS,V8 Berry Blend Flavored Juice Beverage,$3.89,,,64 fl oz,[],,"https://www.instacart.com/image-server/197x197/filters:fill(FFF,true):format(jpg)/d2lnr5mha7bycj.cloudfront.net/product-image/file/large_0d6ffe21-9711-4eac-9577-0fdd4a2a2312.jpg,"
CVS,Capri Sun Fruit Punch Naturally Flavored Kids Juice Blend Drink Pouches,$5.79,,,10 x 6 fl oz,[],,"https://www.instacart.com/image-server/197x197/filters:fill(FFF,true):format(jpg)/d2lnr5mha7bycj.cloudfront.net/product-image/file/large_bffe876d-73cc-4610-a893-43953d6f1f04.jpg,"
CVS,Ocean Spray Unsweetened Pure Cranberry Juice,$6.99,,,32 fl oz,['No Sugar Added'],,"https://www.instacart.com/image-server/197x197/filters:fill(FFF,true):format(jpg)/d2lnr5mha7bycj.cloudfront.net/product-image/file/large_af9874c6-c0cf-46e5-8710-58871c75de2b.jpg,"
CVS,V8 Mango Peach Flavored Juice Beverage,$3.89,,,64 fl oz,[],,"https://www.instacart.com/image-server/197x197/filters:fill(FFF,true):format(jpg)/d2lnr5mha7bycj.cloudfront.net/product-image/file/large_63676fc4-4fda-461c-acf7-251db4b27d49.jpg,"
CVS,"Naked Juice, Strawberry Banana",$4.79,,,15.2 fl oz,['No Sugar Added'],,"https://www.instacart.com/image-server/197x197/filters:fill(FFF,true):format(jpg)/d2lnr5mha7bycj.cloudfront.net/product-image/file/large_7dcccd47-a4a5-415c-831f-18c570ca8f2d.png,"
CVS,"CVS Gold Emblem 100% Juice, Cranberry",$4.59,,,64 fl oz,[],,"https://www.instacart.com/image-server/197x197/filters:fill(FFF,true):format(jpg)/d2lnr5mha7bycj.cloudfront.net/product-image/file/large_21b9c3e6-98b5-439c-945c-1ad6fbdc60ee.jpg,"
CVS,Mott's Soarin' Apple Juice,$5.79,,,8 x 6.75 fl oz • 3 options,[],,"https://www.instacart.com/image-server/197x197/filters:fill(FFF,true):format(jpg)/d2lnr5mha7bycj.cloudfront.net/product-image/file/large_60df2068-37fb-433b-a8d8-dad6fa420be7.png,"
CVS,Mott's Soarin' Apple Juice,$5.29,,,64 fl oz • 3 options,[],,"https://www.instacart.com/image-server/197x197/filters:fill(FFF,true):format(jpg)/d2lnr5mha7bycj.cloudfront.net/product-image/file/large_1a6baa7d-22ae-4d22-a2d8-27fbb4581983.png,"
CVS,Mott's Incredible Tropical Juice,$5.79,,,6 x 8 fl oz,['No Sugar Added'],,"https://www.instacart.com/image-server/197x197/filters:fill(FFF,true):format(jpg)/d2lnr5mha7bycj.cloudfront.net/product-image/file/large_551c42bc-1457-4952-90ce-f23edc04dce5.png,"
CVS,"Snapple Juice Drink, Flavored, Kiwi Strawberry",$2.19,,,16 fl oz,[],,"https://www.instacart.com/image-server/197x197/filters:fill(FFF,true):format(jpg)/d2lnr5mha7bycj.cloudfront.net/product-image/file/large_034025c2-6d2a-413f-83eb-ab905325efd1.png,"
CVS,"Snapple Juice Drink, Apple",$2.19,,,16 fl oz,[],,"https://www.instacart.com/image-server/197x197/filters:fill(FFF,true):format(jpg)/d2lnr5mha7bycj.cloudfront.net/product-image/file/large_1c1f1b7a-eec8-41bd-9280-68cc384aa701.png,"
CVS,"Snapple Juice Drink, Fruit Punch",$2.19,,,16 fl oz,[],,"https://www.instacart.com/image-server/197x197/filters:fill(FFF,true):format(jpg)/d2lnr5mha7bycj.cloudfront.net/product-image/file/large_121a99b0-1ea3-4084-8c11-2495d236452c.jpg,"
CVS,Mott's Flying Fruit Punch Juice,$5.29,,,64 fl oz • 2 options,[],,"https://www.instacart.com/image-server/197x197/filters:fill(FFF,true):format(jpg)/d2lnr5mha7bycj.cloudfront.net/product-image/file/large_18a8c7be-80fb-48cd-8bf4-21d51ad65cd4.jpg,"
CVS,"Ocean Spray Pure Unsweetened White Grapefruit, 100% White Grapefruit Juice",$6.99,,,32 fl oz,['No Sugar Added'],,"https://www.instacart.com/image-server/197x197/filters:fill(FFF,true):format(jpg)/d2lnr5mha7bycj.cloudfront.net/product-image/file/large_a252bd7a-aa48-428c-988e-d0eaa4a1f2f8.png,"
CVS,"Lemon Perfect Lemon Water, Cold-Pressed, Dragon Fruit Mango",$2.49,,,12 fl oz,['Organic'],,"https://www.instacart.com/image-server/197x197/filters:fill(FFF,true):format(jpg)/d2lnr5mha7bycj.cloudfront.net/product-image/file/large_be804efa-62f2-46c6-bac2-0d1a70c176a9.jpg,"
CVS,"Ocean Spray Pure Unsweetened Tart Cherry, 100% Tart Cherry Juice",$6.99,,,32 fl oz,['No Sugar Added'],,"https://www.instacart.com/image-server/197x197/filters:fill(FFF,true):format(jpg)/d2lnr5mha7bycj.cloudfront.net/product-image/file/large_070ca016-1184-4156-99b8-1bcc300bd783.jpg,"
CVS,CVS Gold Emblem Cherry Pomegranate Electrolytes Drink,$3.89,,,33.8 fl oz,[],,"https://www.instacart.com/image-server/197x197/filters:fill(FFF,true):format(jpg)/d2lnr5mha7bycj.cloudfront.net/product-image/file/large_489ad490-f95f-4ed3-af35-fcc450c5fb3f.jpg,"
CVS,"Naked 100% Juice, Blue Machine",$4.79,,,15.2 fl oz,[],,"https://www.instacart.com/image-server/197x197/filters:fill(FFF,true):format(jpg)/d2lnr5mha7bycj.cloudfront.net/product-image/file/large_640f3fd6-6473-4666-a2f5-a568d0daba91.png,"
CVS,"Sunsweet 100% Juice, Prune",$7.29,,,64 fl oz,[],,"https://www.instacart.com/image-server/197x197/filters:fill(FFF,true):format(jpg)/d2lnr5mha7bycj.cloudfront.net/product-image/file/large_0c500af9-165b-4656-94ce-ff86983b7333.jpg,"
CVS,Mott's Soarin' Apple Juice,$5.79,,,6 x 8 fl oz • 3 options,['No Sugar Added'],,"https://www.instacart.com/image-server/197x197/filters:fill(FFF,true):format(jpg)/d2lnr5mha7bycj.cloudfront.net/product-image/file/large_73982c0b-c3ba-4709-b796-c63c3cd29b2e.jpg,"
CVS,Campbell's Canned Pasta with Meatballs,$2.29,,,15.6 oz,[],,"https://www.instacart.com/image-server/197x197/filters:fill(FFF,true):format(jpg)/d2lnr5mha7bycj.cloudfront.net/product-image/file/large_4388fac4-22ad-4a01-9a64-ddb0b8f74ad5.jpg,"
CVS,Mott's Original Applesauce,$5.29,,,6 x 4 oz,[],,"https://www.instacart.com/image-server/197x197/filters:fill(FFF,true):format(jpg)/d2lnr5mha7bycj.cloudfront.net/product-image/file/large_3528bd7c-2d72-4b74-a505-77186aaafc94.jpg,"
CVS,Chef Boyardee Beef Ravioli Microwave Pasta,$2.49,,,15 oz,[],,"https://www.instacart.com/image-server/197x197/filters:fill(FFF,true):format(jpg)/d2lnr5mha7bycj.cloudfront.net/product-image/file/large_6c4edcd9-6d33-46ae-a9cb-3c2510584ec8.jpeg,"
CVS,Pomì Strained Tomatoes,$2.79,,,13.8 oz,[],,"https://www.instacart.com/image-server/197x197/filters:fill(FFF,true):format(jpg)/d2lnr5mha7bycj.cloudfront.net/product-image/file/large_6e89c1c1-922d-469f-899f-f6756129583b.jpg,"
CVS,Chef Boyardee Mini Beef Ravioli Microwave Pasta,$2.49,,,15 oz,[],,"https://www.instacart.com/image-server/197x197/filters:fill(FFF,true):format(jpg)/d2lnr5mha7bycj.cloudfront.net/product-image/file/large_de725d50-f714-4747-99cf-a729c42a5033.jpeg,"
CVS,Campbell's Original Canned Pasta,$2.29,,,15.8 oz,[],,"https://www.instacart.com/image-server/197x197/filters:fill(FFF,true):format(jpg)/d2lnr5mha7bycj.cloudfront.net/product-image/file/large_0b9d32d1-5882-4c2d-893e-bb26fbaddb43.jpg,"
CVS,"StarKist Tuna, Chunk Light",$1.79,,,5 oz,[],,"https://www.instacart.com/image-server/197x197/filters:fill(FFF,true):format(jpg)/d2lnr5mha7bycj.cloudfront.net/product-image/file/large_a3f07442-e787-4741-9c50-3327ac21eb84.png,"
CVS,"Del Monte FRESH CUT Whole Kernel Corn, Canned Vegetables",$2.69,,,15.25 oz,[],,"https://www.instacart.com/image-server/197x197/filters:fill(FFF,true):format(jpg)/d2lnr5mha7bycj.cloudfront.net/product-image/file/large_ca83c4d6-3505-4302-9022-531c2a42daac.jpeg,"
CVS,Mott's No Sugar Added Applesauce,$5.29,,,6 x 3.9 oz,[],,"https://www.instacart.com/image-server/197x197/filters:fill(FFF,true):format(jpg)/d2lnr5mha7bycj.cloudfront.net/product-image/file/large_142961bc-7f4a-481f-9f2d-20c8d53cd6c5.jpg,"
CVS,SPAM Classic Canned Meat,$4.99,,,12 oz,[],,"https://www.instacart.com/image-server/197x197/filters:fill(FFF,true):format(jpg)/d2lnr5mha7bycj.cloudfront.net/product-image/file/large_59565821-77e2-437c-9113-cdf304316dd4.jpg,"
CVS,"Bumble Bee Tuna, in Water, Albacore, Solid White",$2.39,,,5 oz,[],,"https://www.instacart.com/image-server/197x197/filters:fill(FFF,true):format(jpg)/d2lnr5mha7bycj.cloudfront.net/product-image/file/large_6fb27568-aec1-47b8-9412-03448813333b.jpg,"
CVS,Armour Star Vienna Sausage Original Flavor Canned Sausage,$1.39,,,4.6 oz,[],,"https://www.instacart.com/image-server/197x197/filters:fill(FFF,true):format(jpg)/d2lnr5mha7bycj.cloudfront.net/product-image/file/large_9e7404ee-eb36-45f1-82b4-42f3c11927e8.jpeg,"
CVS,Del Monte FRESH CUT Green Beans Canned Vegetables,$2.69,,,14.5 oz,[],,"https://www.instacart.com/image-server/197x197/filters:fill(FFF,true):format(jpg)/d2lnr5mha7bycj.cloudfront.net/product-image/file/large_5870d675-98da-43ee-a4c7-76aad4ca7e24.jpg,"
CVS,"Bumble Bee Tuna, Wild Caught, Lemon & Pepper",$1.99,,,2.5 oz,[],,"https://www.instacart.com/image-server/197x197/filters:fill(FFF,true):format(jpg)/d2lnr5mha7bycj.cloudfront.net/product-image/file/large_5a0bc712-8e61-42a2-8a2c-0586995ac572.jpg,"
CVS,"Bumble Bee Tuna, Solid White Albacore",$8.69,,,4 x 5 oz,[],,"https://www.instacart.com/image-server/197x197/filters:fill(FFF,true):format(jpg)/d2lnr5mha7bycj.cloudfront.net/product-image/file/large_dcf5a85a-654b-4361-8e3b-ae2a4a1754e2.jpg,"
CVS,Campbell's Chili with Beans Bowl,$4.19,,,15.25 oz,[],,"https://www.instacart.com/image-server/197x197/filters:fill(FFF,true):format(jpg)/d2lnr5mha7bycj.cloudfront.net/product-image/file/large_fc53047c-ef55-431e-a298-445a5914873c.jpg,"
CVS,"Bumble Bee Salad Kit, Chicken, Original",$2.39,,,3.5 oz,[],,"https://www.instacart.com/image-server/197x197/filters:fill(FFF,true):format(jpg)/d2lnr5mha7bycj.cloudfront.net/product-image/file/large_dc7fd019-7ea5-4507-9fd5-59f9d4998e95.jpg,"
CVS,Campbell's Chili with Beans,$3.99,,,19 oz,[],,"https://www.instacart.com/image-server/197x197/filters:fill(FFF,true):format(jpg)/d2lnr5mha7bycj.cloudfront.net/product-image/file/large_3772f189-e89a-4445-a43a-e0dd1cac4374.jpg,"
CVS,"Bumble Bee Tuna, Spicy Thai Chili, Wild Caught",$1.99,,,2.5 oz,[],,"https://www.instacart.com/image-server/197x197/filters:fill(FFF,true):format(jpg)/d2lnr5mha7bycj.cloudfront.net/product-image/file/large_a56efaa2-2c41-4dae-9f23-4322dd19a11c.jpg,"
CVS,Libby's Corned Beef Canned Meat,$7.99,,,12 oz,[],,"https://www.instacart.com/image-server/197x197/filters:fill(FFF,true):format(jpg)/d2lnr5mha7bycj.cloudfront.net/product-image/file/large_aa2095ae-b12f-41f7-8abf-559ed60daf42.jpg,"
CVS,"Beach Cliff Sardines, in Soybean Oil",$1.89,,,3.75 oz,[],,"https://www.instacart.com/image-server/197x197/filters:fill(FFF,true):format(jpg)/d2lnr5mha7bycj.cloudfront.net/product-image/file/large_1ba732e0-aa9c-4380-8950-d7dc873363c7.jpg,"
CVS,Gold Emblem Abound Sea Salt Roasted Chickpeas,$3.49,,,5 oz,[],,"https://www.instacart.com/image-server/197x197/filters:fill(FFF,true):format(jpg)/d2lnr5mha7bycj.cloudfront.net/product-image/file/large_1d544275-c0a9-4287-9405-b054c2aa1593.jpg,"
CVS,Hormel Mary Kitchen Hormel Corned Beef Hash,$4.69,,,14 oz,[],,"https://www.instacart.com/image-server/197x197/filters:fill(FFF,true):format(jpg)/d2lnr5mha7bycj.cloudfront.net/product-image/file/large_3db1e2c1-c02a-4e03-9d3f-42b845c54381.JPG,"
CVS,Del Monte Sweet Peas Canned Vegetables,$2.69,,,15 oz,[],,"https://www.instacart.com/image-server/197x197/filters:fill(FFF,true):format(jpg)/d2lnr5mha7bycj.cloudfront.net/product-image/file/large_30a3562a-5182-4987-89c7-d19b60321d71.jpg,"
CVS,Dinty Moore Beef Stew,$4.79,,,20 oz,[],,"https://www.instacart.com/image-server/197x197/filters:fill(FFF,true):format(jpg)/d2lnr5mha7bycj.cloudfront.net/product-image/file/large_8c6c7258-2edc-4d47-93e0-2c73a632f056.jpg,"
CVS,Bumble Bee Wild Caught Pink Salmon,$5.99,,,14.75 oz,[],,"https://www.instacart.com/image-server/197x197/filters:fill(FFF,true):format(jpg)/d2lnr5mha7bycj.cloudfront.net/product-image/file/large_07dda75e-40f7-4aab-bc42-30b9e3221b13.jpg,"
CVS,Bush's Best Original Baked Beans,$3.49,,,16 oz,[],,"https://www.instacart.com/image-server/197x197/filters:fill(FFF,true):format(jpg)/d2lnr5mha7bycj.cloudfront.net/product-image/file/large_24392716-0191-48ef-aaf4-4f07407a30e4.jpg,"
CVS,Bush's Best Black Beans,$1.79,,,15 oz,[],,"https://www.instacart.com/image-server/197x197/filters:fill(FFF,true):format(jpg)/d2lnr5mha7bycj.cloudfront.net/product-image/file/large_e9c88830-5c28-4942-b35c-52a5dc8581ed.png,"
CVS,Gold Emblem Abound Sweet Sriracha Roasted Chickpeas,$3.49,,,5 oz,[],,"https://www.instacart.com/image-server/197x197/filters:fill(FFF,true):format(jpg)/d2lnr5mha7bycj.cloudfront.net/product-image/file/large_9ee762ec-ad0d-41b4-8e83-285c6d2d14bf.jpg,"
CVS,"Van Camp’s Pork and Beans with Tomato Sauce, Canned Beans",$1.89,,,15 oz,[],,"https://www.instacart.com/image-server/197x197/filters:fill(FFF,true):format(jpg)/d2lnr5mha7bycj.cloudfront.net/product-image/file/large_6a31ea3a-fb54-4380-bceb-4fe81aab6661.jpeg,"
CVS,Bush's Best Pinto Beans,$1.79,,,16 oz,[],,"https://www.instacart.com/image-server/197x197/filters:fill(FFF,true):format(jpg)/d2lnr5mha7bycj.cloudfront.net/product-image/file/large_66bdc262-05d3-470f-b29b-c371e0ab3540.png,"
